,Temperature,Humidity,WindSpeed,GeneralDiffuseFlows,DiffuseFlows,PowerConsumption_Zone1,PowerConsumption_Zone2,PowerConsumption_Zone3
count,358.0,358.0,358.0,358.0,358.0,358.0,358.0,358.0
mean,18.924931697877007,68.32003568243775,1.9909393656253265,183.78803223972972,75.80092792557235,32394.645784893826,21029.342880472963,17890.55758686672
std,4.982372926133491,7.639294302823432,1.856761718320069,76.1461082587634,31.21936444451461,2546.367836568756,2612.028335899314,4868.204093162886
min,10.22373174617069,40.54880802641569,-0.19945846329984984,57.53265591054798,21.612470394942168,26900.698574039994,15146.32526123369,10485.1124899731
25%,14.11547313856098,64.57448958376085,0.21882308334658648,108.33201340242292,49.86833215068881,30664.051775842196,19103.04144202957,14352.3152195292
50%,19.197990499672088,69.23201238027264,1.499429686404476,186.6592196835465,73.1634459489191,31883.56372671808,20622.050091756293,17427.49405688957
75%,22.809504630498036,73.30877928575275,3.668823579378332,249.3418905108384,98.1422358254199,34196.89847107373,23192.369515894374,18946.438504408638
max,29.054762227807785,86.65350962927906,5.113540909739964,324.25732563981785,163.9307162321659,38304.97416436076,27284.848668960676,31231.38671942093
